date,event_type,events,users_chunk_sum,revenue
2019-10-01,cart,16658,8873,0.0
2019-10-01,purchase,19307,14239,6275964.01
2019-10-01,view,1208280,197737,0.0
2019-10-02,cart,17268,9058,0.0
2019-10-02,purchase,19469,14218,6213628.529999999
2019-10-02,view,1154591,196253,0.0
2019-10-03,cart,19323,10050,0.0
2019-10-03,purchase,19255,14145,6233782.98
2019-10-03,view,1088725,182653,0.0
2019-10-04,cart,43829,22644,0.0
2019-10-04,purchase,27041,20006,8623684.469999999
2019-10-04,view,1346320,224873,0.0
2019-10-05,cart,35497,17851,0.0
2019-10-05,purchase,23494,17090,7341596.91
2019-10-05,view,1271348,205365,0.0
2019-10-06,cart,32146,16312,0.0
2019-10-06,purchase,22171,16575,6737660.78
2019-10-06,view,1264062,206685,0.0
2019-10-07,cart,18052,9698,0.0
2019-10-07,purchase,21378,16008,6348189.0600000005
2019-10-07,view,1161101,199714,0.0
2019-10-08,cart,18442,10051,0.0
2019-10-08,purchase,23072,17184,6819832.28
2019-10-08,view,1329119,236214,0.0
2019-10-09,cart,18432,9787,0.0
2019-10-09,purchase,22748,16820,6855511.13
2019-10-09,view,1306363,227530,0.0
2019-10-10,cart,18997,10271,0.0
2019-10-10,purchase,21993,16491,6665600.859999999
2019-10-10,view,1243087,219640,0.0
2019-10-11,cart,21450,11289,0.0
2019-10-11,purchase,26224,19500,7716208.55
2019-10-11,view,1447669,249731,0.0
2019-10-12,cart,20691,10757,0.0
2019-10-12,purchase,25373,19044,7307691.57
2019-10-12,view,1433832,224825,0.0
2019-10-13,cart,24833,12962,0.0
2019-10-13,purchase,29561,22102,8457606.49
2019-10-13,view,1584677,247686,0.0
2019-10-14,cart,44858,23657,0.0
2019-10-14,purchase,28405,20363,9356691.65
2019-10-14,view,1381439,226536,0.0
2019-10-15,cart,49548,25557,0.0
2019-10-15,purchase,26372,19185,8653065.29
2019-10-15,view,1466305,248930,0.0
2019-10-16,cart,45279,24583,0.0
2019-10-16,purchase,31394,22920,9747239.24
2019-10-16,view,1445717,246803,0.0
2019-10-17,cart,40378,21180,0.0
2019-10-17,purchase,28318,19876,9026143.14
2019-10-17,view,1338311,221671,0.0
2019-10-18,cart,40144,21246,0.0
2019-10-18,purchase,25850,19073,8155785.130000001
2019-10-18,view,1415805,246159,0.0
2019-10-19,cart,39465,21103,0.0
2019-10-19,purchase,24657,18466,7562479.359999999
2019-10-19,view,1385171,234349,0.0
2019-10-20,cart,40534,21412,0.0
2019-10-20,purchase,25098,18772,7515713.04
2019-10-20,view,1444360,248678,0.0
2019-10-21,cart,36675,19872,0.0
2019-10-21,purchase,25167,18893,7862635.0
2019-10-21,view,1343574,240903,0.0
2019-10-22,cart,36953,20060,0.0
2019-10-22,purchase,25385,18785,7914693.04
2019-10-22,view,1354534,237510,0.0
2019-10-23,cart,36407,20097,0.0
2019-10-23,purchase,24731,18513,7615371.539999999
2019-10-23,view,1319988,232980,0.0
2019-10-24,cart,35723,18846,0.0
2019-10-24,purchase,23999,17630,7470344.600000001
2019-10-24,view,1256779,216554,0.0
2019-10-25,cart,36815,20018,0.0
2019-10-25,purchase,23929,17825,7248617.98
2019-10-25,view,1374584,239004,0.0
2019-10-26,cart,34776,18981,0.0
2019-10-26,purchase,22653,17010,6917602.84
2019-10-26,view,1289839,215685,0.0
2019-10-27,cart,34256,18230,0.0
2019-10-27,purchase,23403,17328,7198460.82
2019-10-27,view,1330894,214023,0.0
2019-10-28,cart,17838,9721,0.0
2019-10-28,purchase,21112,15863,6591728.24
2019-10-28,view,1221930,209619,0.0
2019-10-29,cart,17455,9501,0.0
2019-10-29,purchase,20374,15158,6433438.43
2019-10-29,view,1190081,203191,0.0
2019-10-30,cart,16996,9348,0.0
2019-10-30,purchase,20817,15374,6634069.51
2019-10-30,view,1172332,199126,0.0
2019-10-31,cart,16798,9372,0.0
2019-10-31,purchase,20099,15201,6456465.8
2019-10-31,view,1208582,210553,0.0
2019-11-01,cart,18911,10713,0.0
2019-11-01,purchase,22458,16686,6949415.03
2019-11-01,view,1403991,236314,0.0
2019-11-02,cart,19350,10772,0.0
2019-11-02,purchase,21864,16717,6389808.37
2019-11-02,view,1514324,251928,0.0
2019-11-03,cart,20211,11045,0.0
2019-11-03,purchase,22145,16911,6656920.09
2019-11-03,view,1525418,255403,0.0
2019-11-04,cart,21960,12959,0.0
2019-11-04,purchase,26889,20791,8033899.65
2019-11-04,view,1744279,304319,0.0
2019-11-05,cart,19231,11522,0.0
2019-11-05,purchase,24875,18993,7250120.41
2019-11-05,view,1673138,285157,0.0
2019-11-06,cart,19670,11579,0.0
2019-11-06,purchase,25319,18932,7397760.63
2019-11-06,view,1649832,275105,0.0
2019-11-07,cart,19446,11552,0.0
2019-11-07,purchase,24863,18943,7062018.53
2019-11-07,view,1752524,306008,0.0
2019-11-08,cart,77369,40242,0.0
2019-11-08,purchase,25714,19728,7742039.59
2019-11-08,view,1793319,316272,0.0
2019-11-09,cart,70132,37129,0.0
2019-11-09,purchase,22768,17535,6646804.300000001
2019-11-09,view,1785006,296617,0.0
2019-11-10,cart,71590,37731,0.0
2019-11-10,purchase,22878,17719,6633475.29
2019-11-10,view,1846107,304278,0.0
2019-11-11,cart,75164,39855,0.0
2019-11-11,purchase,24931,18925,7255189.94
2019-11-11,view,1909295,323304,0.0
2019-11-12,cart,69711,37450,0.0
2019-11-12,purchase,22725,17097,6782115.2
2019-11-12,view,1895133,316130,0.0
2019-11-13,cart,71650,38089,0.0
2019-11-13,purchase,22548,17046,6812879.7700000005
2019-11-13,view,1924967,316823,0.0
2019-11-14,cart,170472,71255,0.0
2019-11-14,purchase,22124,16664,6949925.13
2019-11-14,view,2877130,370270,0.0
2019-11-15,cart,483305,206405,0.0
2019-11-15,view,5737111,563384,0.0
2019-11-16,cart,406778,187839,0.0
2019-11-16,purchase,68247,50658,23442969.87
2019-11-16,view,6027932,723260,0.0
2019-11-17,cart,426941,195860,0.0
2019-11-17,purchase,185195,134367,57774481.92
2019-11-17,view,5783241,717058,0.0
2019-11-18,cart,83197,43259,0.0
2019-11-18,purchase,28537,21145,8251007.899999999
2019-11-18,view,1909778,361273,0.0
2019-11-19,cart,72545,37120,0.0
2019-11-19,purchase,24967,18495,7291407.76
2019-11-19,view,1631029,318611,0.0
2019-11-20,cart,72404,36056,0.0
2019-11-20,purchase,24947,18306,7089210.27
2019-11-20,view,1602735,313285,0.0
2019-11-21,cart,75581,36577,0.0
2019-11-21,purchase,25266,18540,6970110.37
2019-11-21,view,1576489,307843,0.0
2019-11-22,cart,70216,34802,0.0
2019-11-22,purchase,24187,17995,6990846.23
2019-11-22,view,1473840,271209,0.0
2019-11-23,cart,64816,31940,0.0
2019-11-23,purchase,22243,16269,6339110.07
2019-11-23,view,1474657,266559,0.0
2019-11-24,cart,68109,33165,0.0
2019-11-24,purchase,23163,17099,6470750.899999999
2019-11-24,view,1500493,261233,0.0
2019-11-25,cart,71433,35024,0.0
2019-11-25,purchase,24827,18162,7053766.6
2019-11-25,view,1497322,276311,0.0
2019-11-26,cart,71645,35668,0.0
2019-11-26,purchase,24226,17788,6893392.909999999
2019-11-26,view,1559008,272035,0.0
2019-11-27,cart,71397,36410,0.0
2019-11-27,purchase,24443,18262,7161341.26
2019-11-27,view,1550616,279671,0.0
2019-11-28,cart,71541,36136,0.0
2019-11-28,purchase,24305,17971,7163831.66
2019-11-28,view,1562532,272269,0.0
2019-11-29,cart,92394,45945,0.0
2019-11-29,purchase,32107,23915,9635318.38
2019-11-29,view,1729925,314036,0.0
2019-11-30,cart,81761,40821,0.0
2019-11-30,purchase,28178,20898,8104972.47
2019-11-30,view,1644939,281199,0.0
2019-12-01,cart,84498,40627,0.0
2019-12-01,purchase,28345,21208,8153753.43
2019-12-01,view,1708437,278301,0.0
2019-12-02,cart,80904,39381,0.0
2019-12-02,purchase,28548,21104,8320964.96
2019-12-02,view,1631595,269173,0.0
2019-12-03,cart,70230,35422,0.0
2019-12-03,purchase,24358,18117,7367826.76
2019-12-03,view,1550217,280389,0.0
2019-12-04,cart,66768,33565,0.0
2019-12-04,purchase,24473,17804,7370625.26
2019-12-04,view,1470671,252393,0.0
2019-12-05,cart,71093,35855,0.0
2019-12-05,purchase,25469,18392,7519208.14
2019-12-05,view,1542044,270206,0.0
2019-12-06,cart,83688,42052,0.0
2019-12-06,purchase,27505,19940,8121951.9
2019-12-06,view,1655769,285599,0.0
2019-12-07,cart,84266,41550,0.0
2019-12-07,purchase,27012,19373,8007105.2
2019-12-07,view,1727003,283375,0.0
2019-12-08,cart,80796,40168,0.0
2019-12-08,purchase,25766,18637,7499055.5
2019-12-08,view,1725505,281173,0.0
2019-12-09,cart,80724,41025,0.0
2019-12-09,purchase,26802,19553,8144447.55
2019-12-09,view,1629091,293517,0.0
2019-12-10,cart,81454,41880,0.0
2019-12-10,purchase,27059,19923,8243832.67
2019-12-10,view,1653034,309722,0.0
2019-12-11,cart,78991,39868,0.0
2019-12-11,purchase,25906,18865,7689108.7299999995
2019-12-11,view,1607773,297725,0.0
2019-12-12,cart,80203,40288,0.0
2019-12-12,purchase,26044,18792,7862310.09
2019-12-12,view,1653286,313965,0.0
2019-12-13,cart,82441,41540,0.0
2019-12-13,purchase,26712,19541,7829934.23
2019-12-13,view,1638147,306520,0.0
2019-12-14,cart,86721,42913,0.0
2019-12-14,purchase,26559,19660,7666737.93
2019-12-14,view,1762408,310613,0.0
2019-12-15,cart,109746,52619,0.0
2019-12-15,purchase,35077,24628,10729026.19
2019-12-15,view,2168354,359536,0.0
2019-12-16,cart,183799,84155,0.0
2019-12-16,purchase,63796,44959,20260353.81
2019-12-16,view,2877865,449991,0.0
2019-12-17,cart,155450,73053,0.0
2019-12-17,purchase,51899,37381,15348318.350000001
2019-12-17,view,2782626,440082,0.0
2019-12-18,cart,146953,70794,0.0
2019-12-18,purchase,49578,35968,14681222.370000001
2019-12-18,view,2667068,458930,0.0
2019-12-19,cart,137529,67424,0.0
2019-12-19,purchase,48212,34890,14088796.54
2019-12-19,view,2530820,435511,0.0
2019-12-20,cart,127959,61708,0.0
2019-12-20,purchase,46405,33340,13392220.5
2019-12-20,view,2390312,405926,0.0
2019-12-21,cart,124599,58511,0.0
2019-12-21,purchase,44255,31570,12721600.28
2019-12-21,view,2341550,373801,0.0
2019-12-22,cart,127416,61198,0.0
2019-12-22,purchase,44719,32272,12817259.59
2019-12-22,view,2472828,424453,0.0
2019-12-23,cart,126761,61495,0.0
2019-12-23,purchase,46602,33477,13829263.72
2019-12-23,view,2375605,444600,0.0
2019-12-24,cart,124888,60746,0.0
2019-12-24,purchase,44917,32343,13295540.049999999
2019-12-24,view,2330443,430365,0.0
2019-12-25,cart,127613,61459,0.0
2019-12-25,purchase,44949,32363,13153149.51
2019-12-25,view,2324965,430564,0.0
2019-12-26,cart,124010,59407,0.0
2019-12-26,purchase,44154,31936,13122116.74
2019-12-26,view,2242417,420475,0.0
2019-12-27,cart,121038,57035,0.0
2019-12-27,purchase,43081,30777,12659247.12
2019-12-27,view,2060169,378281,0.0
2019-12-28,cart,127788,59643,0.0
2019-12-28,purchase,45287,32765,13176332.83
2019-12-28,view,2090167,328790,0.0
2019-12-29,cart,148693,68811,0.0
2019-12-29,purchase,49597,36500,14346608.07
2019-12-29,view,2475358,426621,0.0
2019-12-30,cart,148661,68906,0.0
2019-12-30,purchase,50729,37282,15060489.879999999
2019-12-30,view,2296264,475551,0.0
2019-12-31,cart,119083,53065,0.0
2019-12-31,purchase,38233,27752,11698421.24
2019-12-31,view,1604276,367595,0.0
